predicting_date,predicting_return,monthly_return,lag_return,GDP_g,Personal_Savings_Rate,Unemployment,CPI_inflation,FedFunds_lag1,Term_Spread_lag1,BAA_Yield_lag1,VIX_ret_lag1,sample_set
1985-01-01,7.408514101104169,2.23743955320983,-1.5112255778064076,7.1,11.1,7.3,0.19011412570240083,9.43,0.73,13.48,47.09977347468808,train
1985-02-01,0.8628779996860514,7.408514101104169,2.23743955320983,3.9,10.2,7.3,0.18975337761917288,8.38,0.73,13.4,47.09977347468808,train
1985-03-01,-0.28700134379759934,0.8628779996860514,7.408514101104169,3.9,8.9,7.2,0.18939399600705897,8.35,0.73,13.26,47.09977347468808,train
1985-04-01,-0.4594275513284285,-0.28700134379759934,0.8628779996860514,3.9,8.6,7.2,0.5660392471710018,8.5,1.25,13.23,47.09977347468808,train
1985-05-01,5.405105444993996,-0.4594275513284285,-0.28700134379759934,3.3,9.8,7.3,0.469264117819268,8.58,1.13,13.69,47.09977347468808,train
1985-06-01,1.2134017487352766,5.405105444993996,-0.4594275513284285,3.3,11,7.2,0.1870907935811239,8.27,1.21,13.51,47.09977347468808,train
1985-07-01,-0.48475783423665986,1.2134017487352766,5.405105444993996,3.3,9.6,7.4,0.1867414174795634,7.97,1.45,13.15,47.09977347468808,train
1985-08-01,-1.1994517641396585,-0.48475783423665986,1.2134017487352766,3.9,9.1,7.4,0.2794598931015635,7.53,1.45,12.4,47.09977347468808,train
1985-09-01,-3.472407826012114,-1.1994517641396585,-0.48475783423665986,3.9,8.1,7.1,0.1858736594625654,7.88,1.53,12.43,47.09977347468808,train
1985-10-01,4.250881708769816,-3.472407826012114,-1.1994517641396585,3.9,7.3,7.1,0.18552881017459555,7.9,1.47,12.5,47.09977347468808,train
1985-11-01,6.506158659888994,4.250881708769816,-3.472407826012114,3.6,9.1,7.1,0.18518523810735488,7.92,1.47,12.48,47.09977347468808,train
1985-12-01,4.506109063095853,6.506158659888994,4.250881708769816,3.6,9,7,0.3693448335352123,7.99,1.46,12.36,47.09977347468808,train
1986-01-01,0.23665278440403448,4.506109063095853,6.506158659888994,3.6,8.6,7,0.45977092486291227,8.05,1.28,11.99,47.09977347468808,train
1986-02-01,7.148927885973944,0.23665278440403448,4.506109063095853,6.3,8.7,6.7,0.4576667027412107,8.27,1.28,11.58,47.09977347468808,train
1986-03-01,5.279391778691878,7.148927885973944,0.23665278440403448,6.3,9.3,7.2,0.3646312153020581,8.14,1.28,11.44,47.09977347468808,train
1986-04-01,-1.4148136083619978,5.279391778691878,7.148927885973944,6.3,9.9,7.2,-0.18214941283911656,7.86,1.28,11.11,47.09977347468808,train
1986-05-01,5.022928675463656,-1.4148136083619978,5.279391778691878,3,9.7,7.1,-0.548447444216027,7.48,1.28,10.5,47.09977347468808,train
1986-06-01,1.4109521521153523,5.022928675463656,-1.4148136083619978,3,9.3,7.2,-0.3673098711860945,6.99,0.48,10.19,47.09977347468808,train
1986-07-01,-5.868283142882347,1.4109521521153523,5.022928675463656,3,9.4,7.2,0.27560881019796923,6.85,0.6,10.29,47.09977347468808,train
1986-08-01,7.119260505765657,-5.868283142882347,1.4109521521153523,3.8,9.3,7,0.366300775873718,6.92,0.6,10.34,47.09977347468808,train
1986-09-01,-8.54386034765885,7.119260505765657,-5.868283142882347,3.8,8.9,6.9,0.091365926867492675,6.56,0.57,10.16,47.09977347468808,train
1986-10-01,5.47293273494327,-8.54386034765885,7.119260505765657,3.8,7.1,7,0.09128252573598061,6.17,0.78,10.18,47.09977347468808,train
1986-11-01,2.147719315076868,5.47293273494327,-8.54386034765885,1.8,8.3,7,0.36429912785012064,5.89,0.78,10.2,47.09977347468808,train
1986-12-01,-2.828827147590973,2.147719315076868,5.47293273494327,1.8,8.6,6.9,0.18165309263977747,5.85,1.05,10.24,47.09977347468808,train
1987-01-01,13.176689368870086,-2.828827147590973,2.147719315076868,1.8,6.8,6.6,0.1813237124181022,6.04,1.05,10.07,47.09977347468808,train
1987-02-01,3.6923621317010324,13.176689368870086,-2.828827147590973,3.9,9.4,6.6,0.36166404701880595,6.91,0.93,9.97,47.09977347468808,train
1987-03-01,2.638986515783981,3.6923621317010324,13.176689368870086,3.9,8.2,6.6,0.5400553180000323,6.43,0.93,9.72,47.09977347468808,train
1987-04-01,-1.1450211572491154,2.638986515783981,3.6923621317010324,3.9,8.1,6.6,0.35842332278148703,6.1,0.93,9.65,47.09977347468808,train
1987-05-01,0.6034196283620119,-1.1450211572491154,2.638986515783981,2.2,4.1,6.3,0.35714323675977155,6.13,0.93,9.61,47.09977347468808,train
1987-06-01,4.791449018971927,0.6034196283620119,-1.1450211572491154,2.2,7.8,6.3,0.4446427957134347,6.37,0.94,10.04,47.09977347468808,train
1987-07-01,4.8223696256938675,4.791449018971927,0.6034196283620119,2.2,7.3,6.2,0.2658397666610135,6.85,0.92,10.51,47.09977347468808,train
1987-08-01,3.4958840151999793,4.8223696256938675,4.791449018971927,3,7.1,6.1,0.44150182091167167,6.73,0.78,10.52,47.09977347468808,train
1987-09-01,-2.41661659057012,3.4958840151999793,4.8223696256938675,3,6.8,6,0.263968477077281,6.58,0.92,10.61,47.09977347468808,train
1987-10-01,-21.763041421998008,-2.41661659057012,3.4958840151999793,3,7.2,5.9,0.438404910853496,6.73,0.92,10.8,47.09977347468808,train
1987-11-01,-8.53488653536516,-21.763041421998008,-2.41661659057012,4.4,7.9,6,0.34934533345598595,7.22,1.07,11.31,47.09977347468808,train
1987-12-01,7.286147875354443,-8.53488653536516,-21.763041421998008,4.4,8.2,5.8,0.2612104227925016,7.29,1.04,11.62,47.09977347468808,train
1988-01-01,4.043227059709542,7.286147875354443,-8.53488653536516,4.4,8.4,5.7,0.34722257107491217,6.69,1.04,11.23,47.09977347468808,train
1988-02-01,4.181740262854561,4.043227059709542,7.286147875354443,3.5,7.9,5.7,0.17316021642779234,6.77,1.24,11.29,47.09977347468808,train
1988-03-01,-3.334326201018556,4.181740262854561,4.043227059709542,3.5,8.4,5.7,0.3454234868087269,6.83,1.24,11.07,47.09977347468808,train
1988-04-01,0.9424743272317793,-3.334326201018556,4.181740262854561,3.5,8,5.7,0.17226533114467202,6.58,1.04,10.62,47.09977347468808,train
1988-05-01,0.3176126477985486,0.9424743272317793,-3.334326201018556,7,8.7,5.4,0.2578428587944437,6.58,1.04,10.57,47.09977347468808,train
1988-06-01,4.325601228060116,0.3176126477985486,0.9424743272317793,7,8.3,5.6,0.5990604137156907,6.87,1.04,10.9,47.09977347468808,train
1988-07-01,-0.5411374721492224,4.325601228060116,0.3176126477985486,7,8.4,5.4,0.25564564413009805,7.09,1.04,11.04,47.09977347468808,train
1988-08-01,-3.860010449258666,-0.5411374721492224,4.325601228060116,2.1,8.6,5.4,0.42462908814515643,7.51,0.94,11,47.09977347468808,train
1988-09-01,3.972933268934309,-3.860010449258666,-0.5411374721492224,2.1,8.4,5.6,0.42283361095210026,7.75,0.79,11.11,47.09977347468808,train
1988-10-01,2.59644642106176,3.972933268934309,-3.860010449258666,2.1,8.8,5.4,0.4210532536343514,8.01,0.71,11.21,47.09977347468808,train
1988-11-01,-1.8890880706211144,2.59644642106176,3.972933268934309,5.4,8.6,5.4,0.4192878260036004,8.19,0.57,10.9,47.09977347468808,train
1988-12-01,1.4687573381001906,-1.8890880706211144,2.59644642106176,5.4,8.4,5.3,0.33416906619025966,8.3,0.57,10.41,47.09977347468808,train
1989-01-01,7.111479156412925,1.4687573381001906,-1.8890880706211144,5.4,8.3,5.3,0.33305609471652176,8.35,0.43,10.48,47.09977347468808,train
1989-02-01,-2.894414843113058,7.111479156412925,1.4687573381001906,2.4,8.5,5.4,0.3319505122852284,8.76,0.15,10.65,47.09977347468808,train
1989-03-01,2.0805961609083434,-2.894414843113058,7.111479156412925,2.4,8.9,5.2,0.4133945531727967,9.12,0.15,10.65,47.09977347468808,train
1989-04-01,5.008993717851862,2.0805961609083434,-2.894414843113058,2.4,9.4,5,0.3294895896853056,9.36,-0.13,10.61,47.09977347468808,train
1989-05-01,3.5137494672926595,5.008993717851862,2.0805961609083434,5.4,8.3,5.2,0.49220772054283657,9.85,-0.19,10.67,47.09977347468808,train
1989-06-01,-0.7924554206930945,3.5137494672926595,5.008993717851862,5.4,8,5.2,0.7337986452912837,9.84,-0.19,10.61,47.09977347468808,train
1989-07-01,8.837025792525587,-0.7924554206930945,3.5137494672926595,5.4,8.1,5.3,0.48622462080345485,9.81,-0.22,10.46,47.09977347468808,train
1989-08-01,1.551671822445666,8.837025792525587,-0.7924554206930945,4.1,8.1,5.2,0.32284128121187194,9.53,-0.21,10.03,47.09977347468808,train
1989-09-01,-0.6544368276168888,1.551671822445666,8.837025792525587,4.1,7.5,5.2,0.3218023694200767,9.24,-0.21,9.87,47.09977347468808,train
1989-10-01,-2.517545094824758,-0.6544368276168888,1.551671822445666,4.1,7.9,5.3,0,8.99,0.28,9.88,47.09977347468808,train
1989-11-01,1.6541324259951473,-2.517545094824758,-0.6544368276168888,3.1,8.4,5.3,0.2406740030565402,9.02,-0.18,9.91,47.09977347468808,train
1989-12-01,2.1416815142801804,1.6541324259951473,-2.517545094824758,3.1,8.5,5.4,0.4796172263493048,8.84,-0.18,9.81,47.09977347468808,train
1990-01-01,-6.881722621461728,2.1416815142801804,1.6541324259951473,3.1,7.7,5.4,0.39793128514808984,8.55,0.04,9.81,47.09977347468808,train
1990-02-01,0.8539042758088922,-6.881722621461728,2.1416815142801804,3,7.9,5.4,0.31720883061439054,8.45,0.11,9.82,47.09977347468808,train
1990-03-01,2.4254986404143253,0.8539042758088922,-6.881722621461728,3,8.5,5.3,0.945633524203604,8.23,0.11,9.94,47.09977347468808,train
1990-04-01,-2.688714062127162,2.4254986404143253,0.8539042758088922,3,8.3,5.2,0.39138993211356166,8.24,0.14,10.14,-13.288646522578617,train
1990-05-01,9.198919079889457,-2.688714062127162,2.4254986404143253,0.8,8.7,5.4,0.4676547883901705,8.28,0.06,10.21,-10.277399965461287,train
1990-06-01,-0.8886365681221697,9.198919079889457,-2.688714062127162,0.8,8.7,5.4,0.2330098141623438,8.26,0.06,10.3,-1.0643643656610746,train
1990-07-01,-0.5223158411739148,-0.8886365681221697,9.198919079889457,0.8,8.6,5.2,0.15503879074545424,8.18,0.06,10.41,-11.014342049747016,train
1990-08-01,-9.431418479162911,-0.5223158411739148,-0.8886365681221697,4.4,8.7,5.5,0.61776258239572,8.29,0.11,10.22,-10.765692279125583,train
1990-09-01,-5.1184306456431905,-9.431418479162911,-0.5223158411739148,4.4,8.1,5.7,0.4608303086194532,8.15,0.11,10.2,36.193552324848795,train
1990-10-01,-0.6698212301042394,-5.1184306456431905,-9.431418479162911,4.4,8.1,5.9,0.8393792128468469,8.13,0.44,10.41,41.63902773109547,train
1990-11-01,5.993421454178649,-0.6698212301042394,-5.1184306456431905,1.5,7.9,5.9,0.6815626535059849,8.2,0.44,10.64,-2.6421371848082464,train
1990-12-01,2.482775733875209,5.993421454178649,-0.6698212301042394,1.5,8,6.2,0.676948805524713,8.11,0.77,10.74,3.1947794080260827,train
1991-01-01,4.15177499981747,2.482775733875209,5.993421454178649,1.5,8.8,6.3,0.22463506263736832,7.81,0.89,10.62,-26.231693834743353,train
1991-02-01,6.728117681278034,4.15177499981747,2.482775733875209,0.3,9.4,6.4,0.3732740429684078,7.31,0.89,10.43,19.04331833218542,train
1991-03-01,2.2202832522042026,6.728117681278034,4.15177499981747,0.3,9,6.6,0.371885887873713,6.91,0.89,10.45,-20.735403667069463,train
1991-04-01,0.03197993624997064,2.2202832522042026,6.728117681278034,0.3,8.1,6.8,0.07421150618878158,6.25,1.08,10.07,1.5303667965536727,train
1991-05-01,3.8604972493607503,0.03197993624997064,2.2202832522042026,-3.6,8.7,6.7,0,6.12,0.94,10.09,-20.48987506012685,train
1991-06-01,-4.789262897479862,3.8604972493607503,0.03197993624997064,-3.6,8.5,6.9,0.22230464879466894,5.91,1.06,9.94,8.05687605431018,train
1991-07-01,4.485934295776639,-4.789262897479862,3.8604972493607503,-3.6,9,6.9,0.36941305401416713,5.78,1.21,9.86,-12.664470915181225,train
1991-08-01,1.9648784624321625,4.485934295776639,-4.789262897479862,-1.9,8.4,6.8,0.2945510229757531,5.9,1.21,9.96,22.72441219419563,train
1991-09-01,-1.9143735843086374,1.9648784624321625,4.485934295776639,-1.9,8.7,6.9,0.1469507979359186,5.82,1.29,9.89,-22.352936585289708,train
1991-10-01,1.1834236654519215,-1.9143735843086374,1.9648784624321625,-1.9,8.9,6.9,0.29325534212780724,5.66,1.36,9.65,-4.743084667681574,train
1991-11-01,-4.390370862630699,1.1834236654519215,-1.9143735843086374,3.2,9.4,7,0.2923978691435458,5.45,1.36,9.51,9.61272710688652,train
1991-12-01,11.15878550742815,-4.390370862630699,1.1834236654519215,3.2,9.1,7,0.14587894636592935,5.21,1.46,9.49,-2.3343900967091935,train
1992-01-01,-1.9923751783923582,11.15878550742815,-4.390370862630699,3.2,9.8,7.3,0.4363643287773833,4.81,1.83,9.45,30.878558320389725,train
1992-02-01,0.958954312696414,-1.9923751783923582,11.15878550742815,2,9.5,7.3,0.28985527540115186,4.43,1.83,9.26,-4.689046160943134,train
1992-03-01,-2.183186212532784,0.958954312696414,-1.9923751783923582,2,9.8,7.4,0.0723327337142976,4.03,1.83,9.13,-9.891247541362358,train
1992-04-01,2.7892713957560433,-2.183186212532784,0.958954312696414,2,9.7,7.4,0.2166848085090045,4.06,1.83,9.23,-4.1379271789622525,train
1992-05-01,0.09639568254424802,2.7892713957560433,-2.183186212532784,1.4,9.8,7.4,0.360101217359432,3.98,1.83,9.25,-2.9976018636213686,train
1992-06-01,-1.7358833150663777,0.09639568254424802,2.7892713957560433,1.4,9.8,7.6,0.21543993970265518,3.73,1.93,9.21,-4.017308775925443,train
1992-07-01,3.9373686063305824,-1.7358833150663777,0.09639568254424802,1.4,10,7.8,0.21497679364923528,3.82,2.23,9.13,-10.753381229932845,train
1992-08-01,-2.399753160189122,3.9373686063305824,-1.7358833150663777,4.9,9.5,7.7,0.2859187080045622,3.76,2.1,9.05,-3.679648541418401,train
1992-09-01,0.9105593857418715,-2.399753160189122,3.9373686063305824,4.9,9.6,7.6,0.28510354308393104,3.25,2.28,8.84,-1.3483168541749913,train
1992-10-01,0.2106282691536565,0.9105593857418715,-2.399753160189122,4.9,8.6,7.6,0.21329549501416523,3.3,2.28,8.65,3.1131347383217545,train
1992-11-01,3.026180770368403,0.2106282691536565,0.9105593857418715,4.4,7.9,7.3,0.21284151348259783,3.22,2.44,8.62,5.154637799689343,train
1992-12-01,1.0107766987062838,3.026180770368403,0.2106282691536565,4.4,7.9,7.4,0.42432878378662053,3.1,2.56,8.84,13.095237538705451,train
1993-01-01,0.7045987892006611,1.0107766987062838,3.026180770368403,4.4,10.5,7.4,0.28188884064199726,3.09,2.56,8.96,-19.44272113818286,train
1993-02-01,1.0483627595407663,0.7045987892006611,1.0107766987062838,4,8.5,7.3,0.14064699927516244,2.92,2.13,8.81,-3.3820178809899515,train
1993-03-01,1.8697299051888772,1.0483627595407663,0.7045987892006611,4,8.8,7.1,0.3507544809678187,3.02,2.13,8.67,-1.1933144166426435,train
1993-04-01,-2.541681016015662,1.8697299051888772,1.0483627595407663,4,8.8,7,0.20986366569202275,3.03,2.19,8.39,5.958130165639863,train
1993-05-01,2.271746278774489,-2.541681016015662,1.8697299051888772,4.2,8.7,7.1,0.1396648271721368,3.07,2.06,8.15,-4.787234967672182,train
1993-06-01,0.07552285391652092,2.271746278774489,-2.541681016015662,4.2,8.2,7.1,0.3483110452820348,2.96,2.12,8.14,-0.8778903353668488,train
1993-07-01,-0.532704570835929,0.07552285391652092,2.271746278774489,4.2,7.7,7,0.27777795639023495,3,2.12,8.21,8.454107763968533,train
1993-08-01,3.4431956145887233,-0.532704570835929,0.07552285391652092,0.7,7.5,6.9,0.06932409289763797,3.04,1.91,8.07,-16.406829950527168,train
1993-09-01,-0.9987930164805148,3.4431956145887233,-0.532704570835929,0.7,7.6,6.8,0.13850417726617437,3.06,1.81,7.93,4.174061312618327,train
1993-10-01,1.9392922751884534,-0.9987930164805148,3.4431956145887233,0.7,6.8,6.7,0.20739723991294312,3.03,1.81,7.6,1.023025097326813,train
1993-11-01,-1.291062608362914,1.9392922751884534,-0.9987930164805148,2.3,6.2,6.8,0.1380262468957838,3.09,1.58,7.34,9.620247704220297,train
1993-12-01,1.0091174724184304,-1.291062608362914,1.9392922751884534,2.3,6.2,6.6,0.4129393342011234,2.99,1.5,7.31,-11.778289144954247,train
1994-01-01,3.2500745519977725,1.0091174724184304,-1.291062608362914,2.3,9,6.5,0.2743485945750912,3.02,1.45,7.66,20.0698096254698,train
1994-02-01,-3.004499728667853,3.2500745519977725,1.0091174724184304,1.9,7,6.6,0.20526863177421362,2.96,1.62,7.69,-15.261630425426064,train
1994-03-01,-4.574651060635082,-3.004499728667853,3.2500745519977725,1.9,6.4,6.6,0,3.05,1.62,7.65,-8.833617036451303,train
1994-04-01,1.1530643100964522,-4.574651060635082,-3.004499728667853,1.9,6.7,6.5,0.2730377122857064,3.25,1.57,7.76,39.887109364731785,train
1994-05-01,1.2397144202814125,1.1530643100964522,-4.574651060635082,5.6,6.3,6.4,0.2722942458456501,3.34,1.47,8.13,37.5252247499972,train
1994-06-01,-2.679082362832008,1.2397144202814125,1.1530643100964522,5.6,7.5,6.1,0.06795786873841081,3.56,1.47,8.52,-32.66503694846614,train
1994-07-01,3.1489907258900107,-2.679082362832008,1.2397144202814125,5.6,6.8,6.1,0.20359694850986543,4.01,1.47,8.62,-5.374006537343723,train
1994-08-01,3.7598699649926237,3.1489907258900107,-2.679082362832008,3.9,6.9,6.1,0.2708193936879155,4.25,1.14,8.65,14.888722746084394,train
1994-09-01,-2.6877534841474704,3.7598699649926237,3.1489907258900107,3.9,6.4,6,0.33749610165259014,4.26,1.15,8.8,-25.65130316694403,train
1994-10-01,2.0833815622011143,-2.6877534841474704,3.7598699649926237,3.9,6.7,5.9,0.4034975212179326,4.47,1.1,8.74,7.547171104679595,train
1994-11-01,-3.950461187888721,2.0833815622011143,-2.6877534841474704,5.5,7,5.8,0.20113985996852435,4.73,1.04,8.98,19.298240721892412,train
1994-12-01,1.2299117331743048,-3.950461187888721,2.0833815622011143,5.5,6.9,5.6,0.06695681535724418,4.76,1.04,9.2,1.9607891588331983,train
1995-01-01,2.4277711761677034,1.2299117331743048,-3.950461187888721,5.5,7,5.5,0.2673798384402737,5.29,0.98,9.32,9.54669882959407,train
1995-02-01,3.607414807259257,2.4277711761677034,1.2299117331743048,2.4,7.3,5.6,0.20006675562962428,5.45,0.5,9.1,-17.241379516522393,train
1995-03-01,2.732919511338072,3.607414807259257,2.4277711761677034,2.4,7.7,5.4,0.2661345549514138,5.53,0.5,9.08,-9.393937795724838,train
1995-04-01,2.796035780491146,2.732919511338072,3.607414807259257,2.4,7.4,5.4,0.26542815848733525,5.92,0.33,8.85,-1.7558531561636115,train
1995-05-01,3.631171269946476,2.796035780491146,2.732919511338072,4.7,6.8,5.8,0.1986097971629519,5.98,0.42,8.7,13.787233068587934,train
1995-06-01,2.1278543431649366,3.631171269946476,2.796035780491146,4.7,7,5.6,0.3960401216096976,6.05,0.42,8.6,-12.116678380145995,train
1995-07-01,3.177603957520647,2.1278543431649366,3.631171269946476,4.7,6.5,5.6,0.19743343037168515,6.01,0.47,8.2,9.361705374210437,train
1995-08-01,-0.03202374774278205,3.177603957520647,2.1278543431649366,1.4,6.9,5.7,0.19704439872993973,6,0.49,7.9,-11.439690454395745,train
1995-09-01,4.009747288732535,-0.03202374774278205,3.177603957520647,1.4,6.6,5.7,0.13114755978103076,5.85,0.49,8.04,18.54129732388765,train
1995-10-01,-0.49793351897702287,4.009747288732535,-0.03202374774278205,1.4,6.6,5.6,0.19639940846598591,5.74,0.56,8.19,-14.603405091023236,train
1995-11-01,4.104900278106194,-0.49793351897702287,4.009747288732535,1.2,7,5.5,0.13071897286218714,5.8,0.44,7.93,10.590271396493733,train
1995-12-01,1.744387340596476,4.104900278106194,-0.49793351897702287,1.2,6.4,5.6,0.2609264363613306,5.76,0.44,7.75,8.555731335717475,train
1996-01-01,3.2617386869231213,1.744387340596476,4.104900278106194,1.2,6,5.6,0.13020835172987688,5.8,0.46,7.68,-16.268980566972147,train
1996-02-01,0.6933701784703983,3.2617386869231213,1.744387340596476,3.5,6.5,5.6,0.13003903002832828,5.6,0.39,7.49,8.11744853411691,train
1996-03-01,0.7916567590839696,0.6933701784703983,3.2617386869231213,3.5,6.6,5.5,0.5184716734186523,5.56,0.39,7.47,0.07986641247539339,train
1996-04-01,1.343142201418468,0.7916567590839696,0.6933701784703983,3.5,6.4,5.5,0.1937359340226763,5.22,0.7,7.63,35.9936255280886,train
1996-05-01,2.2853405991703157,1.343142201418468,0.7916567590839696,2.7,5.5,5.6,0.32206147000417573,5.31,0.73,8.03,10.798111187673687,train
1996-06-01,0.22567099722681228,2.2853405991703157,1.343142201418468,2.7,6.5,5.6,0.38510959020978675,5.22,0.52,8.19,-16.154657694045703,train
1996-07-01,-4.57480167192077,0.22567099722681228,2.2853405991703157,2.7,6.9,5.3,0.19200005898243333,5.24,0.65,8.3,1.5161072158866862,train
1996-08-01,1.881393514756069,-4.57480167192077,0.22567099722681228,3,6.5,5.5,0.19163212507642413,5.27,0.65,8.4,-14.872429589517678,train
1996-09-01,5.420332732833044,1.881393514756069,-4.57480167192077,3,6.4,5.1,0.1912655986332723,5.4,0.59,8.35,42.251452122483,train
1996-10-01,2.610100242291802,5.420332732833044,1.881393514756069,3,6.4,5.2,0.12730746467983778,5.22,0.57,8.18,-12.589922769039086,train
1996-11-01,7.337615178140577,2.610100242291802,5.420332732833044,6.8,6.1,5.2,0.31756139738865485,5.3,0.57,8.35,-0.3527305416522464,train
1996-12-01,-2.1505414489508046,7.337615178140577,2.610100242291802,6.8,6.2,5.4,0.31655613645611425,5.24,0.62,8.07,6.843656608844562,train
1997-01-01,6.131703905412889,-2.1505414489508046,7.337615178140577,6.8,6.1,5.4,0.31555721988096863,5.31,0.59,7.79,-5.356163379413026,train
1997-02-01,0.5927590234654057,6.131703905412889,-2.1505414489508046,3.6,5.9,5.3,0.25173078113773784,5.29,0.59,7.89,22.05368040402853,train
1997-03-01,-4.261401064074876,0.5927590234654057,6.131703905412889,3.6,6,5.2,0.18838310123738822,5.25,0.59,8.09,-6.931169969652917,train
1997-04-01,5.840557906734034,-4.261401064074876,0.5927590234654057,3.6,6.1,5.2,0.188028886485192,5.19,0.59,7.94,8.371859915769054,train
1997-05-01,5.857688480332501,5.840557906734034,-4.261401064074876,4.2,6.2,5.1,0.06259781112074592,5.39,0.59,8.18,4.92890516292146,train
1997-06-01,4.345261479527585,5.857688480332501,5.840557906734034,4.2,6.5,4.9,0.06255865077342548,5.51,0.48,8.34,-9.394760528668122,train
1997-07-01,7.814580943742477,4.345261479527585,5.857688480332501,4.2,6.3,5,0,5.5,0.42,8.2,-4.336983823762508,train
1997-08-01,-5.746563170852836,7.814580943742477,4.345261479527585,2.6,5.8,4.9,0.18744147943507983,5.56,0.42,8.02,12.19385141983167,train
1997-09-01,5.315359061556713,-5.746563170852836,7.814580943742477,2.6,5.7,4.8,0.12476607981550814,5.52,0.43,7.75,-0.23223939997454313,train
1997-10-01,-3.447769737522033,5.315359061556713,-5.746563170852836,2.6,5.9,4.9,0.24906613124517918,5.54,0.31,7.82,15.270022144069472,train
1997-11-01,4.458685521263939,-3.447769737522033,5.315359061556713,6.8,5.9,4.7,0.24844733276614406,5.54,0.31,7.7,-7.471730066107806,train
1997-12-01,1.5731597108694428,4.458685521263939,-3.447769737522033,6.8,6.1,4.6,0.18593125901835705,5.5,0.29,7.57,53.16455864818184,train
1998-01-01,1.0150177442407982,1.5731597108694428,4.458685521263939,6.8,6.1,4.7,0.12376239203497619,5.52,0.29,7.42,-21.82958054745743,train
1998-02-01,7.044919253631243,1.0150177442407982,1.5731597108694428,5.1,7,4.6,0.061823804133087634,5.5,0.08,7.32,-12.468100759184553,train
1998-03-01,4.994571434122053,7.044919253631243,1.0150177442407982,5.1,7,4.6,0.1235330607991969,5.56,0.08,7.19,-10.578929159992068,train
1998-04-01,0.9076469253460395,4.994571434122053,7.044919253631243,5.1,7.1,4.7,0,5.51,0.08,7.25,-13.600373403261756,train
1998-05-01,-1.8826223261468433,0.9076469253460395,4.994571434122053,3.5,6.9,4.3,0,5.49,0.08,7.32,30.56603940428204,train
1998-06-01,3.9438240635040422,-1.8826223261468433,0.9076469253460395,3.5,6.6,4.4,0.1233806448929009,5.45,0.07,7.33,-12.551606500263224,train
1998-07-01,-1.1615326917385427,3.9438240635040422,-1.8826223261468433,3.5,6.5,4.5,0.2463055432397887,5.49,0.08,7.3,0.6609980530275283,train
1998-08-01,-14.579671825011387,-1.1615326917385427,3.9438240635040422,4.1,6.6,4.5,0.12292564547298213,5.56,0.01,7.13,-7.551597717622938,train
1998-09-01,6.239551504341101,-14.579671825011387,-1.1615326917385427,4.1,6.5,4.5,0.24539889615660115,5.54,-0.02,7.15,25.824456565285914,train
1998-10-01,8.029422856762892,6.239551504341101,-14.579671825011387,4.1,6.1,4.6,0.12247398958962208,5.55,-0.02,7.14,78.54838766739101,train
1998-11-01,5.912599628568138,8.029422856762892,6.239551504341101,3.8,5.9,4.5,0.061180791140547086,5.51,0.19,7.09,-7.52032093079994,train
1998-12-01,5.637528708495609,5.912599628568138,8.029422856762892,3.8,6,4.4,0.24434954124759045,5.07,0.16,7.18,-31.50183464112083,train
1999-01-01,4.100944085374847,5.637528708495609,5.912599628568138,3.8,5.5,4.4,0.12195123462612756,4.83,0.16,7.34,-7.272723934635261,train
1999-02-01,-3.2282562377591306,4.100944085374847,5.637528708495609,5.1,6.1,4.3,0.1826484526034733,4.68,0.23,7.23,-6.113033981531202,train
1999-03-01,3.87942154089167,-3.2282562377591306,4.100944085374847,5.1,6,4.4,0.1823154561514606,4.63,0.23,7.29,7.493857158020867,train
1999-04-01,3.7944027596277463,3.87942154089167,-3.2282562377591306,5.1,5.6,4.2,0,4.76,0.1,7.39,6.209520612444197,train
1999-05-01,-2.4970480796175143,3.7944027596277463,3.87942154089167,6.6,4.7,4.3,0.060698029177697066,4.81,0.2,7.53,-16.57101531906119,train
1999-06-01,5.443833111432483,-2.4970480796175143,3.7944027596277463,6.6,4.4,4.2,0.6652579721027507,4.74,0.26,7.48,7.781596939517277,train
1999-07-01,-3.2046092391091685,5.443833111432483,-2.4970480796175143,6.6,4.3,4.3,0.060259116014460545,4.74,0.26,7.72,1.2764248054230487,train
1999-08-01,-0.6254091687235008,-3.2046092391091685,5.443833111432483,3.8,4.4,4.3,0,4.76,0.24,8.02,-16.935798898891143,train
1999-09-01,-2.8551792448024638,-0.6254091687235008,-3.2046092391091685,3.8,4.3,4.2,0.42080014002046084,4.99,0.27,7.95,16.83261835645333,train
1999-10-01,6.253954145238461,-2.8551792448024638,-0.6254091687235008,3.8,3.7,4.2,0.2396645844600087,5.07,0.27,8.15,-0.7710983417832606,train
1999-11-01,1.9061858969220413,6.253954145238461,-2.8551792448024638,3.4,4,4.1,0.41803584317579023,5.22,0.25,8.2,3.9263765010911333,train
1999-12-01,5.784389473992291,1.9061858969220413,6.253954145238461,3.4,4.1,4.1,0.17862463814637408,5.2,0.27,8.38,-12.63281819657146,train
2000-01-01,-5.090354879190063,5.784389473992291,1.9061858969220413,3.4,3.7,4,0.1783061393656027,5.42,0.23,8.15,8.918916550407175,train
2000-02-01,-2.0108083256356934,-5.090354879190063,5.784389473992291,5.4,4.5,4,0.23724803536309125,5.3,0.17,8.19,1.9023948662820755,train
2000-03-01,9.671982835364812,-2.0108083256356934,-5.090354879190063,5.4,4,4.1,0.29577069772326325,5.45,0.17,8.33,1.258122487702873,train
2000-04-01,-3.0795755780191336,9.671982835364812,-2.0108083256356934,5.4,3.8,4,0.4126147911172495,5.73,0.02,8.29,-6.332664831229085,train
2000-05-01,-2.1915050603417807,-3.0795755780191336,9.671982835364812,6.7,4.3,3.8,0.5865119452398204,5.85,-0.13,8.37,3.16645162406608,train
2000-06-01,2.3933549615877237,-2.1915050603417807,-3.0795755780191336,6.7,4.3,4,-0.05849663811146044,6.02,-0.13,8.4,8.668602653168556,train
2000-07-01,-1.6341275904170893,2.3933549615877237,-2.1915050603417807,6.7,4.3,4,0.17538735860958,6.27,-0.44,8.9,-9.732828512036606,train
2000-08-01,6.069910494167097,-1.6341275904170893,2.3933549615877237,1.5,4.7,4,0.582412828598855,6.53,-0.41,8.48,-17.378430314149597,train
2000-09-01,-5.3482974719764265,6.069910494167097,-1.6341275904170893,1.5,4.8,4.1,0.289939315900245,6.54,-0.41,8.35,6.141242576080175,train
2000-10-01,-0.49494854217706497,-5.3482974719764265,6.069910494167097,1.5,4.1,3.9,0,6.5,-0.27,8.26,-18.80424137690341,train
2000-11-01,-8.006861010730892,-0.49494854217706497,-5.3482974719764265,7.5,4.3,3.9,0.519781707361755,6.52,-0.41,8.35,22.14964078645285,train
2000-12-01,0.40534456237286687,-8.006861010730892,-0.49494854217706497,7.5,4.3,3.9,0.1726619133987306,6.51,-0.41,8.34,14.87603068225778,train
2001-01-01,3.4636576676164488,0.40534456237286687,-8.006861010730892,7.5,4.1,3.9,0.17236430581650808,6.51,-0.14,8.28,25.476092558474605,validation
2001-02-01,-9.229073539585963,3.4636576676164488,0.40534456237286687,0.4,4.5,4.2,0.2293578987099032,6.4,-0.1,8.02,-9.443505136879127,validation
2001-03-01,-6.420471080339151,-9.229073539585963,3.4636576676164488,0.4,4.6,4.2,0.5711037795514962,5.98,-0.1,7.93,-17.988826275918544,validation
2001-04-01,7.681436165439459,-6.420471080339151,-9.229073539585963,0.4,4.9,4.3,0.22753138371349735,5.49,0.55,7.87,28.74659306137417,validation
2001-05-01,0.5090187401275648,7.681436165439459,-6.420471080339151,2.4,4.8,4.4,0.05680204640086117,5.31,0.46,7.84,1.022924177342377,validation
2001-06-01,-2.503538942756467,0.5090187401275648,7.681436165439459,2.4,4.3,4.3,0.17021280705309394,4.8,0.46,8.07,-11.033519255430747,validation
2001-07-01,-1.0740149595403703,-2.503538942756467,0.5090187401275648,2.4,4.2,4.5,0.5089069507471677,4.21,1.07,8.07,-11.145997659380768,validation
2001-08-01,-6.410840688075748,-1.0740149595403703,-2.503538942756467,-1.3,5.4,4.6,0.2253522080443382,3.97,1.17,7.97,-15.812720937364155,validation
2001-09-01,-8.172340570563886,-6.410840688075748,-1.0740149595403703,-1.3,6.5,4.9,-0.1689665285127262,3.77,1.17,7.97,13.431277256147812,validation
2001-10-01,1.8099111333141016,-8.172340570563886,-6.410840688075748,-1.3,6.9,5,0,3.65,1.28,7.85,15.263640652002675,validation
2001-11-01,7.51759041240454,1.8099111333141016,-8.172340570563886,2.5,2.9,5.3,0.39381204201376363,3.07,1.28,8.03,28.130016883709217,validation
2001-12-01,0.7573834088927756,7.51759041240454,1.8099111333141016,2.5,3.4,5.5,-0.2811359737546759,2.49,1.73,7.91,5.104920302337157,validation
2002-01-01,-1.5573832456979853,0.7573834088927756,7.51759041240454,2.5,3.7,5.7,-0.05632216425990322,2.09,1.75,7.81,-28.963053703683283,validation
2002-02-01,-2.0766211039727644,-1.5573832456979853,0.7573834088927756,-1.6,5.6,5.7,-0.056353903999184496,1.82,1.75,8.05,-0.16778907412465793,validation
2002-03-01,3.6738892862074657,-2.0766211039727644,-1.5573832456979853,-1.6,5.4,5.7,0.1689665285127262,1.73,1.75,7.87,-11.386551140105661,validation
2002-04-01,-6.141762591921907,3.6738892862074657,-2.0766211039727644,-1.6,5.5,5.7,0.1686815131479058,1.74,1.94,7.89,2.370791827323182,validation
2002-05-01,-0.9081481352177012,-6.141762591921907,3.6738892862074657,1.1,5.4,5.9,0.2805050927608299,1.73,1.8,8.11,-19.407135268386654,validation
2002-06-01,-7.24553538081798,-0.9081481352177012,-6.141762591921907,1.1,6.1,5.8,0.447177939139376,1.75,1.7,8.03,25.919542113546214,validation
2002-07-01,-7.900427514940766,-7.24553538081798,-0.9081481352177012,1.1,6.1,5.8,0.11148273172461032,1.75,1.87,8.09,-8.808764576069784,validation
2002-08-01,0.4881433306494376,-7.900427514940766,-7.24553538081798,3.4,5.3,5.8,0.05569479397662391,1.75,1.87,7.95,27.127128130490895,validation
2002-09-01,-11.002431825242788,0.4881433306494376,-7.900427514940766,3.4,5.2,5.7,0.22246950221109785,1.73,1.97,7.9,26.102359292674016,validation
2002-10-01,8.644880033371404,-11.002431825242788,0.4881433306494376,3.4,5.8,5.7,0.2773926882725597,1.74,2.32,7.58,1.904466542614558,validation
2002-11-01,5.706962070498589,8.644880033371404,-11.002431825242788,2.5,5.6,5.7,0.16606701851404893,1.75,2.32,7.4,21.599262772340634,validation
2002-12-01,-6.033257188502883,5.706962070498589,8.644880033371404,2.5,5.6,5.9,0.22099456508026805,1.75,1.92,7.73,-21.541948936493316,validation
2003-01-01,-2.741469268304464,-6.033257188502883,5.706962070498589,2.5,5.3,6,0.16542600960258724,1.34,2.25,7.62,-11.689144062277812,validation
2003-02-01,-1.700360825687175,-2.741469268304464,-6.033257188502883,1.6,5.3,5.8,0.16515280384732378,1.24,2.25,7.45,4.072730324485074,validation
2003-03-01,0.8357567684332823,-1.700360825687175,-2.741469268304464,1.6,5.2,5.9,0.43907864174901334,1.24,2.25,7.35,8.909850322453195,validation
2003-04-01,8.10441071800323,0.8357567684332823,-1.700360825687175,1.6,4.9,5.9,0.5461510025521754,1.26,2.25,7.06,-4.940650984144779,validation
2003-05-01,5.0898709609522585,8.10441071800323,0.8357567684332823,0.5,5,6,0.16326534238855217,1.25,2.25,6.95,-1.6199782512039351,validation
2003-06-01,1.1322214676852127,5.0898709609522585,8.10441071800323,0.5,5.3,6.1,-0.38136793702454597,1.26,2.34,6.85,-27.238424143958696,validation
2003-07-01,1.6223701958536507,1.1322214676852127,5.0898709609522585,0.5,5.1,6.3,-0.16388968432101692,1.26,2.38,6.38,-8.203676785596736,validation
2003-08-01,1.7873203593487874,1.6223701958536507,1.1322214676852127,2.1,5.9,6.2,0.10928962836445066,1.22,2.38,6.19,0.2568112284158319,validation
2003-09-01,-1.1944364585525724,1.7873203593487874,1.6223701958536507,2.1,5.7,6.1,0.3271540540615625,1.01,2.26,6.62,-0.1536920386370988,validation
2003-10-01,5.496148663571665,-1.1944364585525724,1.7873203593487874,2.1,4.9,6.1,0.43454712595014655,1.03,2.59,7.01,-4.412522424068877,validation
2003-11-01,0.7128504071372888,5.496148663571665,-1.1944364585525724,3.6,5,6,0.32467560988704847,1.01,2.59,6.79,21.953839703874635,validation
2003-12-01,5.076554077889206,0.7128504071372888,5.496148663571665,3.6,5,5.8,-0.10810811863732894,1.01,2.49,6.73,-29.137320123040777,validation
2004-01-01,1.7276386950755285,5.076554077889206,0.7128504071372888,3.6,5,5.7,0.05406866852455394,1,2.49,6.66,1.3664553300737792,validation
2004-02-01,1.220897373761054,1.7276386950755285,5.076554077889206,6.8,4.6,5.7,0.269905696916517,0.98,2.28,6.6,12.193626276532843,validation
2004-03-01,-1.635891961786684,1.220897373761054,1.7276386950755285,6.8,4.6,5.6,0.43033955600533247,1,2.28,6.44,-9.175315970383702,validation
2004-04-01,-1.6790751960348183,-1.635891961786684,1.220897373761054,6.8,4.5,5.8,0.2144772940133599,1.01,2.28,6.27,-12.507510974136782,validation
2004-05-01,1.208345009735412,-1.6790751960348183,-1.635891961786684,4.7,4.9,5.6,0.21401827323677125,1,2.33,6.11,15.051543310479442,validation
2004-06-01,1.7988998771432563,1.208345009735412,-1.6790751960348183,4.7,4.8,5.6,0.160213652427732,1,2.26,6.46,2.6881766373488825,validation
2004-07-01,-3.4290519520026264,1.7988998771432563,1.208345009735412,4.7,5.4,5.6,0.4259857346958107,1,2.26,6.75,-9.831300067206572,validation
2004-08-01,0.22873503233691306,-3.4290519520026264,1.7988998771432563,2.3,4.7,5.5,0.3712547356184537,1.03,2.11,6.78,-7.483869983303936,validation
2004-09-01,0.9363875526838816,0.22873503233691306,-3.4290519520026264,2.3,4.7,5.4,0.10582011569475469,1.26,1.93,6.62,6.834027418468835,validation
2004-10-01,1.4014243690939843,0.9363875526838816,0.22873503233691306,2.3,4.1,5.4,0.05286809533657788,1.43,1.93,6.46,-0.19582071520096722,validation
2004-11-01,3.859493629597055,1.4014243690939843,0.9363875526838816,3.1,3.9,5.5,0.31662295580501265,1.61,1.72,6.27,-12.753432401113052,validation
2004-12-01,3.245821284320516,3.859493629597055,1.4014243690939843,3.1,3.4,5.4,0.5254872838358793,1.76,1.58,6.21,21.964020027446374,validation
2005-01-01,-2.529046744229402,3.245821284320516,3.859493629597055,3.1,6.2,5.4,0.47058910374122576,1.93,1.5,6.2,-18.623236640412387,validation
2005-02-01,1.8903346132113308,-2.529046744229402,3.245821284320516,3.8,2.7,5.3,0,2.16,1.37,6.15,0.3776449516557756,validation
2005-03-01,-1.911765556028966,1.8903346132113308,-2.529046744229402,3.8,2.3,5.4,-0.052178451483886334,2.28,1.37,6.02,-3.5364956236107914,validation
2005-04-01,-2.0108582083263493,-1.911765556028966,1.8903346132113308,3.8,2.5,5.2,0.4166672694846163,2.5,0.86,5.82,-5.772229241291804,validation
2005-05-01,2.995204663120865,-2.0108582083263493,-1.911765556028966,4.1,2.1,5.2,0.36316512028626846,2.63,0.79,6.06,16.059607171441435,validation
2005-06-01,-0.014271417986777557,2.995204663120865,-2.0108582083263493,4.1,2.6,5.1,0.3102380978481811,2.79,0.71,6.05,9.201140654304908,validation
2005-07-01,3.596828690361842,-0.014271417986777557,2.995204663120865,4.1,2,5,-0.05163955704734491,3,0.71,6.01,-13.193993483993937,validation
2005-08-01,-1.122210459860007,3.596828690361842,-0.014271417986777557,4.5,1.4,5,0.05163955704734491,3.04,0.41,5.86,-9.405568123310303,validation
2005-09-01,0.694902431673361,-1.122210459860007,3.596828690361842,4.5,2,4.9,0.6176036100564275,3.26,0.3,5.95,-3.903656715265247,validation
2005-10-01,-1.7740779932313488,0.694902431673361,-1.122210459860007,4.5,2,5,0.6138126688785661,3.5,0.28,5.96,8.902339790953274,validation
2005-11-01,3.5186096519093324,-1.7740779932313488,0.694902431673361,2,2.3,5,1.3674561020173392,3.62,0.3,6.03,-5.396827655464421,validation
2005-12-01,-0.09523493171964548,3.5186096519093324,-1.7740779932313488,2,2.6,5,0.15079168476770377,3.78,0.3,6.3,28.523486550071976,validation
2006-01-01,2.5466771341108085,-0.09523493171964548,3.5186096519093324,2,2.5,4.9,-0.5035257365645585,4,0.16,6.39,-21.279369061011757,validation
2006-02-01,0.04531577283561905,2.5466771341108085,-0.09523493171964548,3.2,3,4.7,0,4.16,0.07,6.32,0.08291272686238305,validation
2006-03-01,1.1095810408889628,0.04531577283561905,2.5466771341108085,3.2,3.2,4.8,0.6039273514243604,4.29,0.07,6.24,7.290804777884752,validation
2006-04-01,1.215565291784415,1.1095810408889628,0.04531577283561905,3.2,3.3,4.7,0.05016303089888652,4.49,-0.02,6.27,-4.710422128661495,validation
2006-05-01,-3.0916916538203165,1.215565291784415,1.1095810408889628,2.2,3.1,4.7,0.1503382894031624,4.59,-0.12,6.41,-7.698539688153138,validation
2006-06-01,0.008659650459597046,-3.0916916538203165,1.215565291784415,2.2,2.9,4.6,0.4995015380522716,4.79,-0.12,6.68,1.7559245235877707,validation
2006-07-01,0.5085878803453348,0.008659650459597046,-3.0916916538203165,2.2,2.9,4.6,0.298507684345406,4.94,0.2,6.75,41.8464220674474,validation
2006-08-01,2.127419311502643,0.5085878803453348,0.008659650459597046,5.5,2.3,4.7,0.24807752737627808,4.99,0.07,6.78,-20.437959253047953,validation
2006-09-01,2.4566297967782313,2.127419311502643,0.5085878803453348,5.5,2.5,4.7,0.5436138912259914,5.24,0.07,6.76,14.296635294086757,validation
2006-10-01,3.1508003585395628,2.4566297967782313,2.127419311502643,5.5,2.4,4.5,0.4425873956855675,5.25,0.02,6.59,-17.658859018930016,validation
2006-11-01,1.6466656343095964,3.1508003585395628,2.4566297967782313,1,2.4,4.4,-0.4918849071596121,5.25,-0.04,6.43,-2.680754395869034,validation
2006-12-01,1.2615782814670462,1.6466656343095964,3.1508003585395628,1,2.7,4.5,-0.44477463982364185,5.25,-0.04,6.42,-7.345569235325122,validation
2007-01-01,1.4059043023177953,1.2615782814670462,1.6466656343095964,1,2.6,4.4,0.049517208241312005,5.25,-0.09,6.2,-1.7117164642156513,validation
2007-02-01,-2.1846175991944383,1.4059043023177953,1.2615782814670462,0.6,2.4,4.6,0.543077118513402,5.24,-0.09,6.22,5.9578421750278165,validation
2007-03-01,0.9979982939206433,-2.1846175991944383,1.4059043023177953,0.6,2.8,4.5,0.16579060562325054,5.25,-0.09,6.34,-9.861594307455512,validation
2007-04-01,4.3290690426759815,0.9979982939206433,-2.1846175991944383,0.6,3,4.4,0.38708491335395223,5.26,-0.12,6.28,47.984644562290036,validation
2007-05-01,3.2549228707361655,4.3290690426759815,0.9979982939206433,3.5,3,4.5,0.5186647493199636,5.26,-0.07,6.27,-5.05836400202313,validation
2007-06-01,-1.781632254788501,3.2549228707361655,4.3290690426759815,3.5,2.8,4.4,0.2996169481998656,5.25,-0.07,6.39,-2.8688529128724105,validation
2007-07-01,-3.198187836198829,-1.781632254788501,3.2549228707361655,3.5,2.7,4.6,0.41244766569237257,5.25,0.01,6.39,-8.22784848328565,validation
2007-08-01,1.2863572018857905,-3.198187836198829,-1.781632254788501,1.2,2.6,4.7,0.23140721794590036,5.25,-0.02,6.7,24.367810766464014,validation
2007-09-01,3.579400817860079,1.2863572018857905,-3.198187836198829,1.2,2.2,4.6,0.1779012466680996,5.26,-0.02,6.65,44.91682761022959,validation
2007-10-01,1.4822338223554832,3.579400817860079,1.2863572018857905,1.2,2.3,4.7,0.03082332001183019,5.02,0.2,6.65,-0.5952435980963511,validation
2007-11-01,-4.404341737941575,1.4822338223554832,3.579400817860079,2.5,2.2,4.7,0.4228600245438585,4.94,0.2,6.59,-23.01111785236778,validation
2007-12-01,-0.8628508561297932,-4.404341737941575,1.4822338223554832,2.5,1.9,4.7,0.30784944010990856,4.76,0.54,6.48,2.9444482591417076,validation
2008-01-01,-6.116343227776988,-0.8628508561297932,-4.404341737941575,2.5,2.4,5,0.7828164082873457,4.49,0.59,6.4,23.421478638776904,validation
2008-02-01,-3.476119273728817,-6.116343227776988,-0.8628508561297932,2.3,2.6,5,0.28938234029487475,4.24,0.59,6.65,-1.6178435752335574,validation
2008-03-01,-0.5959623397817415,-3.476119273728817,-6.116343227776988,2.3,3,4.9,0.3441775367173605,3.94,0.59,6.54,16.444447835286468,validation
2008-04-01,4.75466976412291,-0.5959623397817415,-3.476119273728817,2.3,2.9,5.1,0.2414908637454083,2.98,1.53,6.82,1.2977104682715401,validation
2008-05-01,1.067418170406853,4.75466976412291,-0.5959623397817415,2.5,2.4,5,0.357164189274517,2.61,1.53,6.89,-3.504145716256102,validation
2008-06-01,-8.596238482631446,1.067418170406853,4.75466976412291,2.5,6.8,5.4,0.23117069655080869,2.28,1.77,6.97,-18.820771495319587,validation
2008-07-01,-0.9859371185302779,-8.596238482631446,1.067418170406853,2.5,4.6,5.6,0.5900052068123607,1.98,1.41,6.93,-14.2376183812987,validation
2008-08-01,1.2190464669121548,-0.9859371185302779,-8.596238482631446,-1.7,3.6,5.8,1.0423718797166082,2,1.41,7.07,34.32417759630211,validation
2008-09-01,-9.079143354379216,1.2190464669121548,-0.9859371185302779,-1.7,3.1,6.1,0.7116065393504734,2.01,1.38,7.16,-4.217119819239102,validation
2008-10-01,-16.942452401777075,-9.079143354379216,1.2190464669121548,-1.7,3.9,6.1,-0.14895846082954023,2,1.46,7.15,-9.982566966934103,validation
2008-11-01,-7.484904233870971,-16.942452401777075,-9.079143354379216,2.4,4.9,6.5,0.0854726299673203,1.81,1.46,7.31,90.75060589493584,validation
2008-12-01,0.7821576633499472,-7.484904233870971,-16.942452401777075,2.4,6,6.8,-0.863561639955801,0.97,1.95,8.88,52.04366671147329,validation
2009-01-01,-8.565734305805428,0.7821576633499472,-7.484904233870971,2.4,5.8,7.3,-1.7864094092818306,0.39,1.95,9.21,-7.697446413980713,test
2009-02-01,-10.993119762019942,-8.565734305805428,0.7821576633499472,-2.1,5.9,7.8,-0.8267605054081528,0.16,1.82,8.43,-27.641098257439623,test
2009-03-01,8.540446199532292,-10.993119762019942,-8.565734305805428,-2.1,5.4,8.3,0.2527574332266802,0.15,1.82,8.14,12.100000381469723,test
2009-04-01,9.392507914826332,8.540446199532292,-10.993119762019942,-2.1,5.8,8.7,0.36360422314452023,0.22,1.82,8.08,3.3675252372764586,test
2009-05-01,5.308144638516654,9.392507914826332,8.540446199532292,-8.5,6.5,9,-0.09877705412728588,0.18,1.82,8.42,-4.768067221634498,test
2009-06-01,0.019582726560996022,5.308144638516654,9.392507914826332,-8.5,7.8,9.4,0.1006575752197314,0.15,1.85,8.39,-17.308562517651836,test
2009-07-01,7.414172714778422,0.019582726560996022,5.308144638516654,-8.5,6.1,9.5,0.14704123326474416,0.18,2.29,8.06,-20.76712307864672,test
2009-08-01,3.356018886854417,7.414172714778422,0.019582726560996022,-4.5,5.4,9.5,0.826535985544119,0.21,2.74,7.5,-8.886582600429783,test
2009-09-01,3.5723345723119637,3.356018886854417,7.414172714778422,-4.5,4.4,9.6,-0.0298009855155712,0.16,2.5,7.09,-1.6318796924123524,test
2009-10-01,-1.9762000526814205,3.5723345723119637,3.356018886854417,-4.5,5.5,9.8,0.3342859790879338,0.16,2.5,6.58,0.347222809888037,test
2009-11-01,5.736406145372763,-1.9762000526814205,3.5723345723119637,-0.7,5.1,10,0.1929025466836265,0.15,2.46,6.31,-1.5378685698207328,test
2009-12-01,1.7770570919338313,5.736406145372763,-1.9762000526814205,-0.7,5.5,9.9,0.2997434998585291,0.12,2.34,6.29,19.836000791240593,test
2010-01-01,-3.6974245692262153,1.7770570919338313,5.736406145372763,-0.7,5.4,9.9,0.3342996544930976,0.12,2.34,6.32,-20.13685303888362,test
2010-02-01,2.8513689046546054,-3.6974245692262153,1.7770570919338313,1.4,5.6,9.8,0.05200411547976458,0.12,2.61,6.37,-11.546307210439233,test
2010-03-01,5.8796425545497355,2.8513689046546054,-3.6974245692262153,1.4,5.3,9.8,0.06485218758465194,0.11,2.61,6.25,13.560887881333361,test
2010-04-01,1.4759230482012997,5.8796425545497355,2.8513689046546054,1.4,5.3,9.9,-0.09522298767450366,0.13,2.82,6.34,-20.796103430973,test
2010-05-01,-8.197584207319053,1.4759230482012997,5.8796425545497355,4.4,6,9.9,0.03313132458968582,0.16,2.81,6.27,-9.794871012369788,test
2010-06-01,-5.388244223983851,-8.197584207319053,1.4759230482012997,4.4,6.4,9.6,0.023001407787592854,0.2,2.84,6.25,25.355310095415142,test
2010-07-01,6.8777849574635175,-5.388244223983851,-8.197584207319053,4.4,6.2,9.4,-0.051990716457517294,0.2,2.84,6.05,45.44218051909294,test
2010-08-01,-4.744918363260475,6.8777849574635175,-5.388244223983851,1.9,6.1,9.4,-0.04188828777280662,0.18,2.51,6.23,7.701905968841527,test
2010-09-01,8.755110305113556,-4.744918363260475,6.8777849574635175,1.9,6.2,9.5,0.18675086613582081,0.18,2.33,6.01,-31.962943320491778,test
2010-10-01,3.685599403554063,8.755110305113556,-4.744918363260475,1.9,6.1,9.5,0.14602967272390188,0.19,2.33,5.66,10.851060583236372,test
2010-11-01,-0.22902497465766558,3.685599403554063,8.755110305113556,3.9,5.9,9.4,0.1613946310657255,0.19,2.08,5.66,-9.021107650467108,test
2010-12-01,6.530004034715509,-0.22902497465766558,3.685599403554063,3.9,5.8,9.8,0.3475798701795263,0.19,2.12,5.72,-10.548522867177878,test
2011-01-01,2.2645574359139164,6.530004034715509,-0.22902497465766558,3.9,6.2,9.3,0.2530636859233937,0.19,2.32,5.92,11.037736171587964,test
2011-02-01,3.1956563728093412,2.2645574359139164,6.530004034715509,3.1,6.6,9.1,0.4008531438849161,0.18,2.44,6.1,-24.596434538403823,test
2011-03-01,-0.10473129391664893,3.1956563728093412,2.2645574359139164,3.1,6.9,9,0.3237794880806,0.17,2.44,6.09,10.0281728825099,test
2011-04-01,2.8495380666536008,-0.10473129391664893,3.1956563728093412,3.1,6.3,9,0.3209319251425313,0.16,2.87,6.15,-6.041988037320745,test
2011-05-01,-1.350095289522324,2.8495380666536008,-0.10473129391664893,2.1,6.3,9.1,0.5160211385656588,0.14,2.75,6.03,-3.3242539382590697,test
2011-06-01,-1.8257461652479323,-1.350095289522324,2.8495380666536008,2.1,6.3,9,0.4683116049055691,0.1,2.66,6.02,-16.85456487990531,test
2011-07-01,-2.147442530666621,-1.8257461652479323,-1.350095289522324,2.1,6.5,9.1,0.3176663791119694,0.09,2.66,5.78,4.745761418746697,test
2011-08-01,-5.679110795232889,-2.147442530666621,-1.8257461652479323,-0.9,6.7,9,0,0.09,2.52,5.75,6.925570625941835,test
2011-09-01,-7.1761988080896515,-5.679110795232889,-2.147442530666621,-0.9,6.7,9,0.2616610518663798,0.07,2.72,5.76,52.84503208432789,test
2011-10-01,10.772303843744147,-7.1761988080896515,-5.679110795232889,-0.9,6.4,9,0.31494972889110073,0.1,2.39,5.36,25.227726095973857,test
2011-11-01,-0.5058715107011391,10.772303843744147,-7.1761988080896515,2.7,6.3,8.8,0.21691934558836223,0.08,1.96,5.27,35.86337110772255,test
2011-12-01,0.8532763666636134,-0.5058715107011391,10.772303843744147,2.7,6.4,8.6,0.06749796769751626,0.07,1.96,5.37,-30.26070827990004,test
2012-01-01,4.358306270498535,0.8532763666636134,-0.5058715107011391,2.7,7.2,8.5,0.18461448804947267,0.08,1.78,5.14,-7.2096125280977414,test
2012-02-01,4.058946376811723,4.358306270498535,0.8532763666636134,-0.1,7.4,8.3,0.023768024196879622,0.07,1.84,5.25,-15.827337191666446,test
2012-03-01,3.133231453144192,4.058946376811723,4.358306270498535,-0.1,7.3,8.3,0.2720492157261667,0.08,1.84,5.23,-16.923073286448965,test
2012-04-01,-0.7497452372495994,3.133231453144192,4.058946376811723,-0.1,7.6,8.2,0.21351650368677255,0.1,1.64,5.14,-5.195474285673917,test
2012-05-01,-6.2650725714543665,-0.7497452372495994,3.133231453144192,4.6,7.9,8.2,0.20912821313983088,0.13,1.73,5.23,-15.897993796304688,test
2012-06-01,3.955498222833631,-6.2650725714543665,-0.7497452372495994,4.6,7.9,8.2,0.1659410766074565,0.14,1.73,5.19,10.645158829227563,test
2012-07-01,1.259757420478791,3.955498222833631,-6.2650725714543665,4.6,7.9,8.2,-0.2070321770282213,0.16,1.71,5.07,40.29154519598925,test
2012-08-01,1.9763369506085704,1.259757420478791,3.955498222833631,3.4,7,8.2,-0.08267047975740738,0.16,1.22,5.02,-29.010805058897514,test
2012-09-01,2.4236153617775313,1.9763369506085704,1.259757420478791,3.4,6.7,8.1,0.028876823050083544,0.16,1.22,4.87,10.831384014832658,test
2012-10-01,-1.9789409716293949,2.4236153617775313,1.9763369506085704,3.4,7.2,7.8,0.5792717743123177,0.13,1.32,4.91,-7.712630577306967,test
2012-11-01,0.28467166850427716,-1.9789409716293949,2.4236153617775313,1.8,7.8,7.8,0.47599198634582507,0.14,1.32,4.84,-9.959930392144123,test
2012-12-01,0.7068230956284616,0.28467166850427716,-1.9789409716293949,1.8,8.7,7.7,0.2693164754400179,0.16,1.39,4.58,18.245396838869652,test
2013-01-01,5.0428096466868855,0.7068230956284616,0.28467166850427716,1.8,10.9,7.9,-0.168075617407748,0.16,1.45,4.51,-14.677421720003892,test
2013-02-01,1.1060648765041536,5.0428096466868855,0.7068230956284616,0.6,4.9,8,-0.012108893564644063,0.16,1.45,4.63,13.547577742334994,test
2013-03-01,3.5987723982872977,1.1060648765041536,5.0428096466868855,0.6,4.7,7.7,0.19788297664797838,0.14,1.45,4.73,-20.75472047605389,test
2013-04-01,1.8085767779890016,3.5987723982872977,1.1060648765041536,0.6,4.8,7.5,0.5415237848954924,0.15,1.77,4.85,8.613449011982045,test
2013-05-01,2.0762811683057825,1.8085767779890016,3.5987723982872977,0.5,5.1,7.6,-0.28158799739523843,0.14,1.61,4.85,-18.11734608735902,test
2013-06-01,-1.4999301595580827,2.0762811683057825,1.8085767779890016,0.5,5.3,7.5,-0.20901621343405452,0.15,1.63,4.59,6.456698116643378,test
2013-07-01,4.946207991308538,-1.4999301595580827,2.0762811683057825,0.5,5.4,7.5,0.04140697507883928,0.11,1.46,4.73,20.562120452447918,test
2013-08-01,-3.1298019479343964,4.946207991308538,-1.4999301595580827,4,5.2,7.3,0.23775795219549423,0.09,1.46,5.19,3.43559140799079,test
2013-09-01,2.974952325919533,-3.1298019479343964,4.946207991308538,4,5.2,7.2,0.1955538987195915,0.09,2.16,5.32,-20.225389547096352,test
2013-10-01,4.459575276194472,2.974952325919533,-3.1298019479343964,4,5.3,7.2,0.23844456313710793,0.08,2.39,5.42,26.468404982164873,test
2013-11-01,2.8049471367328715,4.459575276194472,2.974952325919533,1.1,4.7,7.2,0.03768736661315941,0.08,2.39,5.47,-2.4103459253101978,test
2013-12-01,2.3562791975445974,2.8049471367328715,4.459575276194472,1.1,4.5,6.9,0.05350878634899914,0.09,2.33,5.31,-17.168676602267606,test
2014-01-01,-3.5582905955811595,2.3562791975445974,2.8049471367328715,1.1,4.5,6.7,0.18427904455773358,0.08,2.32,5.38,-0.3636377507990063,test
2014-02-01,4.31170301781616,-3.5582905955811595,2.3562791975445974,3.5,5.2,6.6,0.2640679493365994,0.09,2.32,5.38,0.14598874483302549,test
2014-03-01,0.6932165418227054,4.31170301781616,-3.5582905955811595,3.5,5.3,6.7,0.24212417175748513,0.07,2.32,5.19,34.183669745649084,test
2014-04-01,0.6200789153414155,0.6932165418227054,4.31170301781616,3.5,5.2,6.7,0.11001732077007276,0.07,2.32,5.1,-23.954371993283974,test
2014-05-01,2.103028007328045,0.6200789153414155,0.6932165418227054,3.5,5.4,6.2,0.2039973140249174,0.08,2.32,5.06,-0.8571420397077256,test
2014-06-01,1.9058331749470137,2.103028007328045,0.6200789153414155,3.5,5.6,6.3,0.18624501675628125,0.09,2.33,4.9,-3.3861690428937052,test
2014-07-01,-1.5079830845342368,1.9058331749470137,2.103028007328045,3.5,5.6,6.1,0.19011974817404464,0.09,2.22,4.76,-14.988816195025755,test
2014-08-01,3.7655295579825276,-1.5079830845342368,1.9058331749470137,-1.4,5.5,6.2,0.13202602787965034,0.1,2.22,4.8,1.4912287893204645,test
2014-09-01,-1.5513837249453988,3.7655295579825276,-1.5079830845342368,-1.4,5.3,6.1,0.11248524027509532,0.09,2.11,4.73,46.49957830614249,test
2014-10-01,2.3201460667203078,-1.5513837249453988,3.7655295579825276,-1.4,5.5,5.9,-0.016001414896038568,0.09,2.05,4.69,-28.672568681989517,test
2014-11-01,2.453358864631494,2.3201460667203078,-1.5513837249453988,5.3,5.4,5.7,0.0071588442287051635,0.09,2.05,4.8,34.90487394618596,test
2014-12-01,-0.4188587515997044,2.453358864631494,2.3201460667203078,5.3,5.6,5.8,-0.01979334907824537,0.09,1.89,4.69,-13.97915271384379,test
2015-01-01,-3.1040805838410623,-0.4188587515997044,2.453358864631494,5.3,6,5.6,-0.18844345845421273,0.09,1.89,4.79,-4.989307359857619,test
2015-02-01,5.48925108906233,-3.1040805838410623,-0.4188587515997044,5,6.3,5.7,-0.30893766581243653,0.12,1.73,4.74,44.036015550114115,test
2015-03-01,-1.7396107114219572,5.48925108906233,-3.1040805838410623,5,6.4,5.5,-0.639069349248711,0.11,1.73,4.45,9.218742083758436,test
2015-04-01,0.8520819822535275,-1.7396107114219572,5.48925108906233,5,5.9,5.4,0.25314368884981064,0.11,1.73,4.51,-36.38530954031805,test
2015-05-01,1.0491382304589791,0.8520819822535275,-1.7396107114219572,2,5.9,5.4,0.2690329596581442,0.11,1.73,4.54,14.617689557423642,test
2015-06-01,-2.1011671979729973,1.0491382304589791,0.8520819822535275,2,5.8,5.6,0.10419358923821065,0.12,1.32,4.48,-4.839763067131376,test
2015-07-01,1.9742029435184882,-2.1011671979729973,1.0491382304589791,2,5.7,5.3,0.32923197040535257,0.12,1.52,4.89,-4.879725284121205,test
2015-08-01,-6.258081825586559,1.9742029435184882,-2.1011671979729973,3.6,5.6,5.2,0.27640971717151075,0.13,1.55,5.13,31.719648419422654,test
2015-09-01,-2.6442831280001466,-6.258081825586559,1.9742029435184882,3.6,5.6,5.1,0.15850629039944053,0.13,1.74,5.2,-33.516181075711174,test
2015-10-01,8.298311781266655,-2.6442831280001466,-6.258081825586559,3.6,5.8,5,-4.2010893430699525e-4,0.14,1.74,5.19,134.57096182855562,test
2015-11-01,0.050486911033487125,8.298311781266655,-2.6442831280001466,2.5,5.8,5,-0.22501171352722338,0.14,1.47,5.34,-13.823426883538625,test
2015-12-01,-1.7530185032692547,0.050486911033487125,8.298311781266655,2.5,5.6,5.1,0.09889928020463401,0.12,1.41,5.34,-38.48979716398277,test
2016-01-01,-5.07353220469523,-1.7530185032692547,0.050486911033487125,2.5,5.8,5,0.11939045033511064,0.12,1.41,5.46,7.033838668931347,test
2016-02-01,-0.41283603090035426,-5.07353220469523,-1.7530185032692547,1.6,6.1,4.8,-0.1076132249516526,0.24,1.24,5.46,12.895226484358968,test
2016-03-01,6.599111444005845,-0.41283603090035426,-5.07353220469523,1.6,5.6,4.9,-0.04585486804522532,0.34,1.24,5.45,10.9280712713689,test
2016-04-01,0.26993982833325436,6.599111444005845,-0.41283603090035426,1.6,5.9,5,-0.13305601262363353,0.38,1.16,5.34,1.7326656480292302,test
2016-05-01,1.5324602525288444,0.26993982833325436,6.599111444005845,0.7,5.5,5.1,0.3129893008927631,0.36,0.98,5.13,-32.11678672908539,test
2016-06-01,0.09109212401243738,1.5324602525288444,0.26993982833325436,0.7,5.3,4.8,0.38233269232099687,0.37,1.03,4.79,12.54480303890546,test
2016-07-01,3.5609800753315435,0.09109212401243738,1.5324602525288444,0.7,4.9,4.9,0.23613057911546775,0.37,1.03,4.68,-9.617835969594923,test
2016-08-01,-0.12192428990193127,3.5609800753315435,0.09109212401243738,2.3,5.1,4.8,0.2772111434034663,0.38,0.94,4.53,10.147995607049332,test
2016-09-01,-0.12344511393173052,-0.12192428990193127,3.5609800753315435,2.3,5.1,4.9,-0.05038276433131372,0.39,0.87,4.22,-24.05630327160321,test
2016-10-01,-1.942567890903446,-0.12344511393173052,-0.12192428990193127,2.3,5.1,5,0.1847514080185242,0.4,0.84,4.24,13.058131471598223,test
2016-11-01,3.4174521829295035,-1.942567890903446,-0.12344511393173052,1.3,5.3,4.9,0.2619775184768969,0.4,0.79,4.31,-0.9687042749765618,test
2016-12-01,1.8200762441865859,3.4174521829295035,-1.942567890903446,1.3,5.4,4.7,0.2339947683755561,0.4,0.79,4.38,28.367189728446807,test
2017-01-01,1.7884358198382522,1.8200762441865859,3.4174521829295035,1.3,5,4.7,0.1178253303642407,0.41,1,4.71,-21.864007379851845,test
2017-02-01,3.719816006681631,1.7884358198382522,1.8200762441865859,2.9,5.3,4.7,0.25213409056821234,0.54,1.31,4.83,5.326331899554693,test
2017-03-01,-0.03891971352694146,3.719816006681631,1.7884358198382522,2.9,5.6,4.6,0.4034925423658464,0.65,1.31,4.66,-14.601140999321627,test
2017-04-01,0.9091208748854607,-0.03891971352694146,3.719816006681631,2.9,5.6,4.4,0.15913904232975895,0.66,1.26,4.64,7.756466413085272,test
2017-05-01,1.1576251246328662,0.9091208748854607,-0.03891971352694146,2.2,5.7,4.4,-0.04673107988741876,0.79,1.17,4.68,-4.256967395410638,test
2017-06-01,0.4813775207812565,1.1576251246328662,0.9091208748854607,2.2,6.3,4.4,0.12333918811604505,0.9,1.17,4.57,-12.530316936739471,test
2017-07-01,1.9348826001101882,0.4813775207812565,1.1576251246328662,2.2,6,4.3,-0.07742776356360892,0.91,1.05,4.55,-3.7892778093906454,test
2017-08-01,0.0546433019853243,1.9348826001101882,0.4813775207812565,2,6,4.3,0.06514164440556414,1.04,0.93,4.37,7.396738415467818,test
2017-09-01,1.9302978562167672,0.0546433019853243,1.9348826001101882,2,6.1,4.4,0.03275963060049847,1.15,0.93,4.39,-8.22898077979507,test
2017-10-01,2.218813506615125,1.9302978562167672,0.0546433019853243,2,5.9,4.3,0.38412391487883113,1.16,0.92,4.31,3.2163734536487354,test
2017-11-01,2.8082627806563343,2.218813506615125,1.9302978562167672,2.3,6,4.2,0.5093396526107519,1.15,0.81,4.3,-10.198299415908263,test
2017-12-01,0.9831630594270502,2.8082627806563343,2.218813506615125,2.3,5.6,4.2,0.07747520471248492,1.15,0.81,4.32,7.045216195254733,test
2018-01-01,5.617870412552817,0.9831630594270502,2.8082627806563343,2.3,5,4.1,0.26644546143197445,1.16,0.76,4.27,10.805495037521172,test
2018-02-01,-3.89473718793677,5.617870412552817,0.9831630594270502,3.2,5.7,4,0.21046728661735514,1.3,0.59,4.22,-2.127657595741339,test
2018-03-01,-2.688449860055664,-3.89473718793677,5.617870412552817,3.2,5.8,4.1,0.42443244618279863,1.41,0.59,4.26,22.64492761447785,test
2018-04-01,0.27187749953683227,-2.688449860055664,-3.89473718793677,3.2,5.9,4,0.26886698861776637,1.42,0.62,4.51,46.602662019159546,test
2018-05-01,2.16083418545836,0.27187749953683227,-2.688449860055664,4.6,6,4,0.019234391150568797,1.51,0.59,4.64,0.6045286124870097,test
2018-06-01,0.48424362676078303,2.16083418545836,0.27187749953683227,4.6,6,3.8,0.2601021066075404,1.69,0.59,4.67,-20.230341247318183,test
2018-07-01,3.602155617289915,0.48424362676078303,2.16083418545836,4.6,6.3,4,0.22554044437663734,1.7,0.47,4.83,-3.1387318921616503,test
2018-08-01,3.0263211276748248,3.602155617289915,0.48424362676078303,3.3,6.5,3.8,0.09007393845479328,1.82,0.42,4.83,4.277380650412055,test
2018-09-01,0.42942874264617625,3.0263211276748248,3.602155617289915,3.3,6.6,3.8,0.07805158171940718,1.91,0.42,4.79,-20.26103292707242,test
2018-10-01,-6.94033560936963,0.42942874264617625,3.0263211276748248,3.3,6.8,3.7,0.17857254132316314,1.91,0.33,4.77,0.2338248881495364,test
2018-11-01,1.7859356654779779,-6.94033560936963,0.42942874264617625,2.1,6.7,3.8,0.20601581183248285,1.95,0.33,4.88,-5.754275201196735,test
2018-12-01,-9.177689467997252,1.7859356654779779,-6.94033560936963,2.1,6.5,3.8,0.2336847588066071,2.19,0.27,5.07,75.1650143786863,test
2019-01-01,7.868440166582613,-9.177689467997252,1.7859356654779779,2.1,8.4,3.9,-0.07044399795823608,2.2,0.3,5.22,-14.88459687022321,test
2019-02-01,2.9728889343927145,7.868440166582613,-9.177689467997252,2.5,8.4,4,0.06846591120321932,2.27,0.3,5.13,40.675154983953774,test
2019-03-01,1.7924256249588488,2.9728889343927145,7.868440166582613,2.5,8.5,3.8,-0.08153120801193126,2.4,0.3,5.12,-34.81510761175416,test
2019-04-01,3.9313498313737982,1.7924256249588488,2.9728889343927145,2.5,7.9,3.8,0.29967603671732235,2.4,0.18,4.95,-10.802655370067082,test
2019-05-01,-6.57777313668354,3.9313498313737982,1.7924256249588488,0.6,7.6,3.7,0.37746599164281136,2.41,0.21,4.84,-7.239510921216496,test
2019-06-01,6.89301639982407,-6.57777313668354,3.9313498313737982,0.6,7.3,3.6,0.37526294749232747,2.42,0.16,4.7,-4.303429255625546,test
2019-07-01,1.3128152166957952,6.89301639982407,-6.57777313668354,0.6,7.1,3.6,0.02468028273403533,2.39,0.21,4.63,42.60670158287405,test
2019-08-01,-1.8091627240523933,1.3128152166957952,6.89301639982407,2.5,6.8,3.7,-0.03251656708549433,2.38,0.21,4.46,-19.40138609509138,test
2019-09-01,1.7181177931020697,-1.8091627240523933,1.3128152166957952,2.5,6.9,3.6,0.23052171103783436,2.4,0.25,4.28,6.896557830165784,test
2019-10-01,2.0431770513684056,1.7181177931020697,-1.8091627240523933,2.5,7,3.5,0.09143518703291775,2.13,0.17,3.87,17.741926514309903,test
2019-11-01,3.4047037714499906,2.0431770513684056,1.7181177931020697,3.4,7.1,3.6,0.15376632893948639,2.04,0.17,3.91,-14.436247825089898,test
2019-12-01,2.858981890573009,3.4047037714499906,2.0431770513684056,3.4,6.9,3.6,0.2823293054042608,1.83,0.09,3.92,-18.596056321750932,test
2020-01-01,-0.16280928190489652,2.858981890573009,3.4047037714499906,3.4,6.2,3.6,0.28114667260625836,1.55,0.17,3.94,-4.538580706130169,test
2020-02-01,-8.411048363840312,-0.16280928190489652,2.858981890573009,4.8,6.8,3.6,0.29079862276493174,1.55,0.17,3.88,9.19175798677687,test
2020-03-01,-12.511928240892821,-8.411048363840312,-0.16280928190489652,4.8,7.5,3.5,0.1919820118897242,1.55,0.17,3.77,36.71988764636704,test
2020-04-01,12.68440381652789,-12.511928240892821,-8.411048363840312,4.8,12.4,4.4,0.047455810079632954,1.58,0.17,3.61,112.89809068734003,test
2020-05-01,4.528181966555822,12.68440381652789,-12.511928240892821,2.8,31.8,14.8,-0.4538731922905548,0.65,0.17,4.29,33.48292221593678,test
2020-06-01,1.838839651392421,4.528181966555822,12.68440381652789,2.8,22.6,13.2,-0.7951678519018124,0.05,0.39,4.13,-36.21591157654439,test
2020-07-01,5.510132148044367,1.838839651392421,4.528181966555822,2.8,18.3,11,-0.08987289452484504,0.05,0.44,3.95,-19.44363396869916,test
2020-08-01,7.006466690171775,5.510132148044367,1.838839651392421,-5.2,17.9,10.2,0.4835787945001613,0.08,0.52,3.64,10.614322253724783,test
2020-09-01,-3.9227970178423055,7.006466690171775,5.510132148044367,-5.2,13.9,8.4,0.5083500471799063,0.09,0.52,3.31,-19.61880105432565,test
2020-10-01,-2.766578622137972,-3.9227970178423055,7.006466690171775,-5.2,13.3,7.8,0.3724399090982544,0.1,0.52,3.27,7.972202926930305,test
2020-11-01,10.75456354438591,-2.766578622137972,-3.9227970178423055,-28,12.8,6.9,0.2622697257172568,0.09,0.55,3.36,-0.1514540265422637,test
2020-12-01,3.712145909357001,10.75456354438591,-2.766578622137972,-28,12,6.7,0.12377095499918056,0.09,0.54,3.44,44.178988425352486,test
2021-01-01,-1.1136660755445171,3.712145909357001,10.75456354438591,-28,11.8,6.7,0.22715509642852183,0.09,0.54,3.3,-45.89689782440855,test
2021-02-01,2.6091451377448394,-1.1136660755445171,3.712145909357001,34.9,19.5,6.4,0.4336891736264725,0.09,0.75,3.16,10.597959832368442,test
2021-03-01,4.2438632533165155,2.6091451377448394,-1.1136660755445171,34.9,13,6.2,0.2264220954979912,0.09,0.75,3.24,45.450550121265444,test
2021-04-01,5.242532134755851,4.2438632533165155,2.6091451377448394,34.9,26.2,6.1,0.3549903768219842,0.08,0.98,3.42,-15.533391858405443,test
2021-05-01,0.548648867060697,5.242532134755851,4.2438632533165155,4.6,12.4,6.1,0.4821931298899962,0.07,1.32,3.74,-30.59034315214091,test
2021-06-01,2.2214009565834747,0.548648867060697,5.242532134755851,4.6,10,5.8,0.6690876031452575,0.07,1.52,3.6,-4.072159916045193,test
2021-07-01,2.274805482838871,2.2214009565834747,0.548648867060697,4.6,8.8,5.9,0.6650131324619224,0.06,1.52,3.62,-9.940893717331145,test
2021-08-01,2.8990416255438634,2.274805482838871,2.2214009565834747,5.7,9.5,5.4,0.8554829085201554,0.08,1.46,3.44,-5.548927759399125,test
2021-09-01,-4.75691688019011,2.8990416255438634,2.274805482838871,5.7,8.7,5.1,0.4625244344546253,0.1,1.23,3.24,15.224256847929851,test
2021-10-01,6.914383640060651,-4.75691688019011,2.8990416255438634,5.7,7.6,4.7,0.28895758626878987,0.09,1.23,3.24,-9.649124182932722,test
2021-11-01,-0.8333706184746159,6.914383640060651,-4.75691688019011,7,7,4.5,0.4353447740258254,0.08,1.11,3.23,40.412621555864135,test
2021-12-01,4.361291346206486,-0.8333706184746159,6.914383640060651,7,6.6,4.2,0.9395676509309503,0.08,1.21,3.35,-29.732062844583883,test
2022-01-01,-5.258516502739385,4.361291346206486,-0.8333706184746159,7,6.6,3.9,0.8268676737057667,0.08,1.08,3.28,67.22017313235555,test
2022-02-01,-3.1360491945908286,-5.258516502739385,4.361291346206486,3.3,4.2,4,0.7083281049546919,0.08,0.87,3.3,-36.66789637688647,test
2022-03-01,3.5773288371546252,-3.1360491945908286,-5.258516502739385,3.3,4.1,3.8,0.6163172657454474,0.08,0.87,3.58,44.19280437746498,test
2022-04-01,-8.795671180434306,3.5773288371546252,-3.1360491945908286,3.3,3.2,3.7,0.699391106575753,0.08,0.63,3.97,21.42569356089701,test
2022-05-01,0.005317770464463578,-8.795671180434306,3.5773288371546252,7,2.6,3.7,1.0286947872727659,0.2,0.41,4.29,-31.80762943258497,test
2022-06-01,-8.391999993382681,0.005317770464463578,-8.795671180434306,7,2.6,3.6,0.3871203291625491,0.33,-0.05,4.66,62.45137350906052,test
2022-07-01,9.111639173021002,-8.391999993382681,0.005317770464463578,7,2.2,3.6,0.937095674013122,0.77,-0.05,5.12,-21.58682833063601,test
2022-08-01,-4.244012827299837,9.111639173021002,-8.391999993382681,-1,3.3,3.5,1.2869163284292995,1.21,0.28,5.27,9.621987396059883,test
2022-09-01,-9.339567201327437,-4.244012827299837,9.111639173021002,-1,3.2,3.6,-0.044744853393652306,1.68,0.04,5.21,-25.705327050177285,test
2022-10-01,7.98634138370089,-9.339567201327437,-4.244012827299837,-1,3.4,3.5,0.07524123303204178,2.33,-0.3,5.15,21.284580083292038,test
2022-11-01,5.375289335249311,7.98634138370089,-9.339567201327437,0.6,3.4,3.6,0.42563829614890025,2.56,-0.25,5.69,22.226516480354274,test
2022-12-01,-5.897147407473047,5.375289335249311,7.98634138370089,0.6,3.8,3.6,0.5242273109029583,3.08,-0.25,6.26,-18.153072505123813,test
2023-01-01,6.17528578346791,-5.897147407473047,5.375289335249311,0.6,4.2,3.5,0.24434933649217783,3.78,-0.47,6.07,-20.479132182875826,test
2023-02-01,-2.611249393181858,6.17528578346791,-5.897147407473047,2.9,4.9,3.5,0.03347190734093175,4.1,-0.72,5.59,5.296405037068652,test
2023-03-01,3.505161257710898,-2.611249393181858,6.17528578346791,2.9,5.5,3.6,0.5500093963505925,4.33,-0.72,5.5,-10.475313566089717,test
2023-04-01,1.4642341662481018,3.505161257710898,-2.611249393181858,2.9,6,3.5,0.33890903833135866,4.57,-0.7,5.59,6.701036958616524,test
2023-05-01,0.2482347368192972,1.4642341662481018,3.505161257710898,2.8,5.8,3.4,0.05537879067576412,4.65,-0.88,5.71,-9.661835392686214,test
2023-06-01,6.472746490423464,0.2482347368192972,1.4642341662481018,2.8,6.1,3.6,0.40198498798771354,4.83,-0.88,5.53,-15.614978132809798,test
2023-07-01,3.113893235501086,6.472746490423464,0.2482347368192972,2.8,5.8,3.6,0.15111175575093228,5.06,-0.55,5.77,13.688218235981697,test
2023-08-01,-1.7716390070854016,3.113893235501086,6.472746490423464,2.9,5.5,3.5,0.2578139933007151,5.08,-0.72,5.75,-24.247493043334135,test
2023-09-01,-4.871936746562488,-1.7716390070854016,3.113893235501086,2.9,5.6,3.7,0.16953778739940972,5.12,-0.72,5.74,0.29433378516490194,test
2023-10-01,-2.197968873798295,-4.871936746562488,-1.7716390070854016,2.9,5.3,3.8,0.4987296523514928,5.33,-0.87,6.02,-0.440208504130013,test
2023-11-01,8.917926878197013,-2.197968873798295,-4.871936746562488,2.5,5.4,3.9,0.4029266492597827,5.33,-0.69,6.16,29.108333469204407,test
2023-12-01,4.422923115636013,8.917926878197013,-2.197968873798295,2.5,5.6,3.7,0.09072773037228643,5.33,-0.69,6.63,3.5388065963778192,test
2024-01-01,1.5895707598991615,4.422923115636013,8.917926878197013,2.5,5.6,3.8,0.14096861398344984,5.33,-0.18,6.29,-28.776182408987715,test
2024-02-01,5.172064062372317,1.5895707598991615,4.422923115636013,4.7,6.4,3.7,0.2101093146444022,5.33,-0.34,5.64,-3.637772943137829,test
2024-03-01,3.1018779915342964,5.172064062372317,1.5895707598991615,4.7,6.1,3.9,0.3424256695411465,5.33,-0.34,5.68,15.26104900652796,test
2024-04-01,-4.161507173789869,3.1018779915342964,5.172064062372317,4.7,5.9,3.9,0.3956088765693977,5.33,-0.33,5.77,-6.620214199897845,test
2024-05-01,4.80211901511991,-4.161507173789869,3.1018779915342964,3.4,5.8,3.9,0.34824285068122407,5.33,-0.35,5.75,-2.9104432891858045,test
2024-06-01,3.466980128308328,4.80211901511991,-4.161507173789869,3.4,5.8,4,0.2908229710563148,5.33,-0.39,6,20.292077964669918,test
2024-07-01,1.1321316887868749,3.466980128308328,4.80211901511991,3.4,5.7,4.1,0.039606743885212126,5.33,-0.33,5.95,-17.444086957062233,test
2024-08-01,2.2834706936630367,1.1321316887868749,3.466980128308328,0.8,5.3,4.2,-0.0028741551183486536,5.33,-0.33,5.82,-3.71517409501696,test
2024-09-01,2.0196884090601275,2.2834706936630367,1.1321316887868749,0.8,5.2,4.2,0.13882308990167402,5.33,-0.29,5.84,31.511263361694407,test
2024-10-01,-0.9896743303151712,2.0196884090601275,2.2834706936630367,0.8,4.8,4.1,0.1800232126613288,5.33,-0.17,5.6,-8.312961855826828,test
2024-11-01,5.7301295482098835,-0.9896743303151712,2.0196884090601275,3.6,5,4.1,0.2289414687495217,5.13,-0.17,5.42,11.533330281575527,test
2024-12-01,-2.0794436663986393,5.7301295482098835,-0.9896743303151712,3.6,4.9,4.2,0.22620029790365592,4.83,0.13,5.63,38.43395386199917,test
